temperature,pressure_torr,growth_time_min,carrier_flow_sccm,mo_conc_mg,s_conc_mg,grain_size_nm,raman_peak_pos,coverage_pct,pl_intensity,sub_Mica,sub_Quartz,sub_Sapphire,sub_SiO2/Si,sub_hBN,precursor_type_enc,grain_size_nm_norm,raman_peak_pos_norm,coverage_pct_norm,pl_intensity_norm,mo_s_ratio,thermal_exposure,log_pressure,total_gas_flow,temp_per_pressure,arrhenius_term,raman_score,quality_score
0.688026636971444,0.8832971511234343,-1.6265099667069456,-0.1060953485645475,-0.7567336227468158,-0.1342188690309095,284.9202561109152,387.9303192091228,67.68776533065122,1.3869565958599233,-0.5619514869490163,-0.45790546988962544,-0.414578098794425,2.0873770280289228,-0.5824823725107177,0.3053040891987413,0.5824124163893915,0.41824627238352,0.4601751409650083,0.41202609654121225,5.6380569576294315,-1.119082182393915,0.6330240445128243,-0.1060953485645475,0.7789299844536318,0.8028261107124047,0.5118885625591709,0.5001448701061046
0.8546376305646849,-1.326040457211029,1.4369466816949505,0.8468664034700505,-0.5476734149178918,-0.8588559736856455,310.6868666110948,391.6326248344693,78.6404185531202,2.2986803750795683,-0.5619514869490163,-0.45790546988962544,-0.414578098794425,-0.4790701375804085,1.7167901505579042,1.1533710036396891,0.8328122038130984,0.8348085715095445,0.6431558150718372,0.8383812374506685,0.63767783229744,1.228068707291559,0.3715160659844664,0.8468664034700505,-0.6445034361973313,0.8029333274172253,0.14535291973723474,0.6146470923363312
-0.9479281879826233,0.05046986318279496,0.8016617951376018,1.3231189258089948,-0.816838078716186,-1.601836135341993,244.63101460910121,388.3787926390826,70.02905052850109,1.6282240754420834,-0.5619514869490163,-0.45790546988962544,-0.414578098794425,-0.4790701375804085,1.7167901505579042,0.3053040891987413,0.19088177608859194,0.4687059431902754,0.49928985911385293,0.5248515296369303,0.5099386018356548,-0.759917812839684,0.04923755282172162,1.3231189258089948,-18.782063382404928,0.8017671471604372,0.46748879831132206,0.4039295031102574
0.03879872417267074,-0.024421570861478142,-1.1505859028927654,0.7101394284197573,-0.018233134962488108,-0.08888172145238468,275.14407378126214,390.76702640328915,78.54698109436053,0.811012148502709,1.7795130420052183,-0.45790546988962544,-0.414578098794425,-0.4790701375804085,-0.5824823725107177,1.1533710036396891,0.4874075271299575,0.737416376185708,0.6415948006908104,0.14269356227389393,0.20513931176946423,-0.04464126508329973,-0.024724723238927954,0.7101394284197573,-1.5887072122202386,0.8024072123294063,0.2310488912491987,0.3929218935787683
-1.0234572418563694,1.1526772796856342,-1.4468412616423658,1.5241093425029697,0.6660361532160795,1.5680549419240553,275.14407378126214,386.30965204756956,78.6404185531202,1.5596105093020256,1.7795130420052183,-0.45790546988962544,-0.414578098794425,-0.4790701375804085,-0.5824823725107177,1.1533710036396891,0.4874075271299575,0.23589805285437926,0.6431558150718372,0.4927653349728147,0.42475307145429353,1.4807801670444856,0.7667123138287691,1.5241093425029697,-0.8878957354374137,0.8017179832250585,0.672337844702029,0.5736487400770167
0.3206708050307457,-0.20071595313553617,-1.112718688168415,0.9159155941938265,-0.8647111270827748,0.5041656061409455,291.78113583162263,389.7977384126496,65.22231157990839,0.8700490389995673,-0.5619514869490163,2.183856856396675,-0.414578098794425,-0.4790701375804085,-0.5824823725107177,-1.3908297396831544,0.649086409990249,0.6283576234096562,0.41898599892546545,0.17030135570908111,-1.7151331126818306,-0.35681639750772093,-0.22403889343278807,0.9159155941938265,-1.5976348746521571,0.8025893008204995,0.3270103360030727,0.4152852778710254
1.993708587420508,-0.4671274617692939,1.7858780312783746,1.2005228630339415,-0.5199342497687566,-0.04028328519163577,263.3984223326353,387.2543814400368,93.52709451490855,1.4630726761660082,-0.5619514869490163,-0.45790546988962544,-0.414578098794425,2.0873770280289228,-0.5824823725107177,-0.5427628252422065,0.3732633471700585,0.3421936123251771,0.8918603022284122,0.44762073922142487,12.906947886754308,3.560520367045326,-0.6294730236949898,1.2005228630339415,-4.268018377975784,0.8036632386909074,0.5788077501603741,0.5691701650924991
0.2901059747429576,0.4052809309365534,-0.11184032860126945,-1.3258046294738968,1.4974280047022652,-1.3746460022109532,288.832899578918,389.9084495009581,72.64573344423758,1.5912388041559402,-0.5619514869490163,-0.45790546988962544,-0.414578098794425,-0.4790701375804085,1.7167901505579042,-1.3908297396831544,0.6204354653521499,0.6408142032146308,0.5430055135876967,0.5075558739677595,-1.0893189980425149,-0.03244554754444395,0.34023723364272523,-1.3258046294738968,0.715814517492211,0.8025695721858003,0.3160497173975042,0.5024056221454971
0.45123979959890137,-0.8738117016255079,1.0727915068913292,0.7494678303225678,-1.4692096897586235,-0.8831411175716308,301.6342332521607,388.8467594338331,100.0,1.8657258145988163,-0.5619514869490163,-0.45790546988962544,2.412090756622109,-0.4790701375804085,-0.5824823725107177,-1.3908297396831544,0.7448387597046443,0.5213588961505441,0.9999999999832936,0.6359159657878437,1.6636182623476088,0.4840862245810468,-2.0699800560386183,0.7494678303225678,-0.5164039337947599,0.8026735348123202,0.42115915206091437,0.7059246090800141
0.5505662886130227,-1.308157833069463,0.5353821121070818,-0.23168106170265418,-0.08246922966322998,-0.7363332496680557,279.44282816637167,390.3293144882868,100.0,1.6381579357340543,-0.5619514869490163,-0.45790546988962544,-0.414578098794425,2.0873770280289228,-0.5824823725107177,0.3053040891987413,0.529182799985914,0.688167529623731,0.9999999999832936,0.5294969633758454,0.11199987208564541,0.2947633424525973,0.3715160659844664,-0.23168106170265418,-0.420871453823003,0.8027375654131578,0.27438324404758274,0.5832500436786624
-1.025447915225093,-0.14902459966733006,0.3024911355128167,0.14763893325425467,0.7612430593226617,0.8935169938732717,242.17140961343475,387.93090986738736,79.79191726375358,1.5912388041559402,1.7795130420052183,-0.45790546988962544,-0.414578098794425,-0.4790701375804085,-0.5824823725107177,0.3053040891987413,0.166979347476304,0.4183127298804384,0.662393346474054,0.5075558739677595,0.8519625968956858,-0.310188904285689,-0.16137205760369294,0.14763893325425467,6.881064766456553,0.8017166871127541,0.511830086212645,0.44516083720811783
0.9019749941753025,-0.3581084650719088,-1.2524745958977848,0.4866271759514429,-1.1264451149014698,1.2815607442712482,285.5609031165208,388.6426741115279,95.79763303804391,1.5912388041559402,-0.5619514869490163,2.183856856396675,-0.414578098794425,-0.4790701375804085,-0.5824823725107177,-1.3908297396831544,0.588638220672658,0.49839638044268525,0.929793089938382,0.5075558739677595,-0.8789634974837283,-1.1297007663396188,-0.4433359382757552,0.4866271759514429,-2.5187201216059063,0.8029637685576383,0.44136400610903015,0.6208919150072023
-0.7333956430989965,-0.9900078263994703,1.662135484406362,1.5462744218134323,-1.4732308634162132,1.3680103804709416,259.0900506289362,389.4201555171267,96.21178625595908,1.161825738474958,-0.5619514869490163,-0.45790546988962544,-0.414578098794425,-0.4790701375804085,1.7167901505579042,1.1533710036396891,0.3313946132618462,0.58587415095053,0.9367121472168655,0.3067467338535473,-1.0769149732856078,-1.219002922503866,-4.6059531323576515,1.5462744218134323,0.7407978243031259,0.8019066600090323,0.3643917959186348,0.4860437165331384
-1.1931547444328496,-0.5273887628389915,-0.6839873078412437,1.5958243276449449,-1.1676524694872126,1.6555628887518363,242.17216750084032,389.16413654083306,78.95400153423215,1.8780313838702092,-0.5619514869490163,-0.45790546988962544,-0.414578098794425,-0.4790701375804085,1.7167901505579042,1.1533710036396891,0.16698671262218706,0.5570683568921866,0.6483946941002154,0.6416704967546311,-0.7052903134729239,0.816102701482632,-0.7494821371929017,1.5958243276449449,2.2623818154037805,0.8016074338689843,0.3897381853166272,0.437963332991793
0.0407453551241369,-0.531226247899903,0.3228854233431964,-0.7413802540272041,1.458532608654529,1.6479276074574802,291.4988254997987,388.8467594338331,70.48524341690285,1.5912388041559402,-0.5619514869490163,-0.45790546988962544,-0.414578098794425,-0.4790701375804085,1.7167901505579042,1.1533710036396891,0.6463429196473601,0.5213588961505441,0.5069112528115234,0.5075558739677595,0.8850708011499171,0.01315608123852582,-0.7576350318343821,-0.7413802540272041,-0.07670056847137373,0.8024084709936685,0.42115915206091437,0.5274316519058694
-0.39785914452796095,-0.6645758210211209,0.7659891675857495,0.7539653414765525,-1.6014562776680688,1.5460942149234556,279.7162376289523,387.59358874849187,100.0,1.378778663401396,-0.5619514869490163,-0.45790546988962544,-0.414578098794425,-0.4790701375804085,1.7167901505579042,0.3053040891987413,0.5318397917275844,0.38035928274498865,0.9999999999832936,0.408201798409285,-1.0358076895796071,-0.3047557949333512,-1.0923593422126172,0.7539653414765525,0.59866629591687,0.8021244715079442,0.5452255499218843,0.6274986846764269
0.6963676230949922,-0.4864129871795368,0.5820541066106397,0.8084392898472422,-0.9990482284251921,-1.5094293652506907,303.4928861337648,390.00839129257895,100.0,1.7515055956909062,1.7795130420052183,-0.45790546988962544,-0.414578098794425,-0.4790701375804085,-0.5824823725107177,1.1533710036396891,0.7629011387841464,0.6520590832189531,0.9999999999832936,0.5825024444591882,0.6618714675139096,0.4053236347331304,-0.6663358134906149,0.8084392898472422,-1.4316386340021778,0.8028314810252125,0.3061552806482176,0.6719096506849593
0.6450069256758698,0.563599344307989,1.6423744965003015,-0.5458229062304004,-1.5273631781940193,-1.2806703802712065,290.1913222666142,389.6566757420804,100.0,1.3777620654896858,-0.5619514869490163,-0.45790546988962544,-0.414578098794425,2.0873770280289228,-0.5824823725107177,-0.5427628252422065,0.633636609997399,0.6124860567915777,0.9999999999832936,0.4077264003163818,1.1926278634344607,1.0593429247961141,0.44699043558890844,-0.5458229062304004,1.1444422905129428,0.8027984080065275,0.34097582180232555,0.6068802185089008
-0.5261123578258183,-0.769546759343446,-1.2404334634477883,-1.2930273583274472,-1.2604244070097006,-0.7027237733254814,275.14407378126214,387.2863763009573,66.29874147866104,1.9927405736421966,-0.5619514869490163,2.183856856396675,-0.414578098794425,-0.4790701375804085,-0.5824823725107177,1.1533710036396891,0.4874075271299575,0.3457934914745377,0.43696939203595275,0.6953126786122822,1.7936271073321657,0.6526073741805619,-1.46770729761658,-1.2930273583274472,0.6836652251753313,0.8020412730251721,0.5756401951011175,0.5384371906457113
0.9899379641187102,1.4656308751037341,0.06936281294726253,-1.5713466342921898,0.4537221424572685,0.15872518457181697,275.14407378126214,387.2017967813017,68.81158188263124,1.7750409019527367,1.7795130420052183,-0.45790546988962544,-0.414578098794425,-0.4790701375804085,-0.5824823725107177,-0.5427628252422065,0.4874075271299575,0.3362770866360262,0.47895019994632076,0.593508408158192,2.8585390580751717,0.06866488183455997,0.9024477078543264,-1.5713466342921898,0.6754347088745724,0.8030203098670154,0.5840137362788858,0.5306649238269272
-0.5886397376375153,1.3541776778058883,-0.3102719855134235,0.9002680730979706,-0.819677309178323,-1.4222005990837818,252.8762541451342,387.62167389919654,78.6404185531202,0.7332777188601842,1.7795130420052183,-0.45790546988962544,-0.414578098794425,-0.4790701375804085,-0.5824823725107177,-0.5427628252422065,0.27100897120670087,0.38351926361440775,0.6431558150718372,0.1063421206869235,0.5763443710280566,0.18263842014889256,0.8561914850915876,0.9002680730979706,-0.434684271384961,0.8020006859506946,0.5424450639736658,0.39897133526077067
-0.054151603790223456,-0.13862608514212105,-0.05503945797732836,-0.06516826977602738,0.2823570956028156,1.1743655198606466,286.1797711726816,389.2300190849504,81.3688141709319,1.5912388041559402,-0.5619514869490163,-0.45790546988962544,2.412090756622109,-0.4790701375804085,-0.5824823725107177,-0.5427628252422065,0.5946523772379894,0.5644810847507165,0.688737799567897,0.5075558739677595,0.24043374110292942,0.002980474921216939,-0.14922658908454106,-0.06516826977602738,0.3906306964186236,0.802347093366808,0.38321568201666256,0.5478952583610885
-0.6719889297041364,-0.6616081591579411,-1.3467760650598526,1.5990534468512032,0.3529500448330465,0.380155609299756,253.6272347390147,389.30377591013047,74.92459508666497,1.5912388041559402,-0.5619514869490163,-0.45790546988962544,-0.414578098794425,2.0873770280289228,-0.5824823725107177,0.3053040891987413,0.2783069967295262,0.5727797817742406,0.5810773516216192,0.5075558739677595,0.9284357122988196,0.9050186065107186,-1.083550762527567,1.5990534468512032,1.015690210917437,0.8019465574853972,0.3759136091826981,0.4242510140134891
0.9497431441211205,0.04829891559742772,-1.2926354580924468,-0.14815872236668684,1.2250952484205742,0.12219854720819567,315.12051621026086,391.66471924878664,90.81254172614645,2.2490978787704736,-0.5619514869490163,2.183856856396675,-0.414578098794425,-0.4790701375804085,-0.5824823725107177,-1.3908297396831544,0.8758983876607819,0.8384196518389481,0.846509583174578,0.815194661996203,10.025448472049924,-1.2276716641711654,0.04716877003669408,-0.14815872236668684,19.663860206994816,0.8029944772338092,0.1421755086930846,0.6729797216643908
-0.8898417573526737,1.1217827650962364,-0.7686607711106554,1.573467233342622,-1.6166572187661719,-1.1852511295036219,251.22117769719284,387.15546674536586,40.14311469914271,0.8323530579340054,-0.5619514869490163,-0.45790546988962544,-0.414578098794425,-0.4790701375804085,1.7167901505579042,-1.3908297396831544,0.2549249468554339,0.3310642954077969,0.0,0.15267334634347704,1.3639786370059819,0.6839864513731669,0.7522566622351533,1.573467233342622,-0.7932389266856816,0.8018049407069657,0.5886005022626157,0.2541622788909795
-1.1752746762112058,0.4499311404854734,-0.6717524392441705,-0.3273800960148076,1.2383305901849069,-0.8803005581902484,228.900355881284,387.7901589584559,67.12146794046474,1.807722921010047,-0.5619514869490163,-0.45790546988962544,-0.414578098794425,-0.4790701375804085,1.7167901505579042,1.1533710036396891,0.038011316023506735,0.40247624090255146,0.4507142846686833,0.6087917068479678,-1.4067134004065862,0.7894936305267802,0.3715160659844664,-0.3273800960148076,-2.6121212066605777,0.8016190876138835,0.5257647069878109,0.3772814840907691
-0.2448263756082119,0.9703600482408371,-0.22340868691071805,0.9551078066865702,0.4502563025541346,-1.2025864369774688,275.14407378126214,388.8467594338331,66.2175881915612,1.3962027580894534,1.7795130420052183,-0.45790546988962544,-0.414578098794425,-0.4790701375804085,-0.5824823725107177,-1.3908297396831544,0.4874075271299575,0.5213588961505441,0.4356136033628438,0.416349937698034,-0.37440660320450386,0.05469633909574087,0.6782162916547846,0.9551078066865702,-0.2523046737133833,0.8022236535620075,0.42115915206091437,0.4436854345345336
1.0840738195060382,0.03899964783594084,0.44287088444914463,-1.4240951187705184,-1.0851003828575951,1.1956430883114857,318.3155176062557,389.7425560641373,92.98606491512422,1.5426918025315364,-0.5619514869490163,2.183856856396675,-0.414578098794425,-0.4790701375804085,-0.5824823725107177,-0.5427628252422065,0.9069473946836488,0.6221488204923386,0.8828215826716572,0.48485353342332377,-0.9075453975838668,0.4801047312528015,0.038258373171836405,-1.4240951187705184,27.79701489278514,0.8030807832429486,0.3324734985917861,0.6728786954056203
0.8439461515229204,0.3824977823547988,0.5289071666993727,0.15555293345508897,0.9677378631368972,0.2673620994265528,275.14407378126214,388.5260398696165,77.06677415789053,1.5616022714442088,1.7795130420052183,-0.45790546988962544,-0.414578098794425,-0.4790701375804085,-0.5824823725107177,0.3053040891987413,0.4874075271299575,0.4852733611989966,0.6168657001202522,0.4936967552649513,3.619577575104909,0.4463691678488273,0.3238918503297381,0.15555293345508897,2.206407953847119,0.8029264507736137,0.45291102873767863,0.5124057914064603
0.5027796636681316,-0.7994443461998401,-0.28197176513957406,0.9832262167545702,1.245469783146952,0.7906205386524751,289.1409778546497,388.8467594338331,97.25776789404414,1.7147489062806869,1.7795130420052183,-0.45790546988962544,-0.414578098794425,-0.4790701375804085,-0.5824823725107177,-1.3908297396831544,0.6234293684405108,0.5213588961505441,0.9541868559794445,0.5653136819742692,1.5753066366001702,-0.14176966924078446,-1.6066634956892019,0.9832262167545702,-0.6289114016341562,0.8027067650357714,0.42115915206091437,0.6439280489370969
0.8418362941324679,0.7320988790857584,-0.2929904727049867,1.394857195312513,-0.777205219004801,-0.7319679071594228,292.0464703493418,389.37324568638724,78.6404185531202,1.3044654107950204,1.7795130420052183,-0.45790546988962544,-0.414578098794425,-0.4790701375804085,-0.5824823725107177,0.3053040891987413,0.6516649294595672,0.5805961245200076,0.6431558150718372,0.3734502234163086,1.0618023173758186,-0.24665001375808596,0.5493338980521285,1.394857195312513,1.1498942520358106,0.8029250936797292,0.36903596274458517,0.5232374679752374
0.8481654434863911,-1.0934232067437022,-0.9886392543996224,1.0521099254928203,1.4584333211144522,-0.47113972426937656,303.5537272019848,390.4373649557173,78.6404185531202,2.121264127451811,-0.5619514869490163,-0.45790546988962544,2.412090756622109,-0.4790701375804085,-0.5824823725107177,-0.5427628252422065,0.7634923919700797,0.7003247515522395,0.6431558150718372,0.7554149586488776,-3.0955431034215417,-0.8385296516559108,0.3715160659844664,1.0521099254928203,-0.7756973137491657,0.80292916463361,0.2636860322167379,0.6068411711429432
-0.04508709334084413,0.5946417139799884,0.3603292182642478,-1.5846923259306485,-0.10370489604893039,-0.35462203890987837,278.77877970011974,388.8467594338331,64.16180113482564,1.1629774168964946,-0.5619514869490163,-0.45790546988962544,-0.414578098794425,2.0873770280289228,-0.5824823725107177,1.1533710036396891,0.522729580429257,0.5213588961505441,0.4012685644192325,0.3072853004971824,0.2924378210112406,-0.01624619709731354,0.46664908026999624,-1.5846923259306485,-0.07582228458755447,0.8023529577669838,0.42115915206091437,0.42388286334825026
-0.5289973747761048,1.1634658298406535,-0.6268582117577799,-0.45785431119013825,0.39745580600466024,0.876912359535889,246.05521881287854,389.3288649515628,58.90980955596375,0.6496942432730929,1.7795130420052183,-0.45790546988962544,-0.414578098794425,-0.4790701375804085,-0.5824823725107177,-1.3908297396831544,0.20472218516650714,0.5756026575277653,0.31352608412851596,0.0672554528563028,0.4532446158721853,0.3316063483767091,0.7717114866318712,-0.45785431119013825,-0.4546737521237574,0.8020394006996957,0.37342974402952545,0.24660670316072306
0.5585904087736693,-1.334437597204985,-1.649403113003218,-1.545329726565798,1.6799881624952446,0.9196950228818774,275.14407378126214,391.25444982033827,90.15208898925854,1.9716183287355993,-0.5619514869490163,2.183856856396675,-0.414578098794425,-0.4790701375804085,-0.5824823725107177,1.1533710036396891,0.4874075271299575,0.7922584772439744,0.8354757190909852,0.6854351500134512,1.826679626257298,-0.9213407591250302,0.3715160659844664,-1.545329726565798,-0.41859612645975197,0.8027427363385238,0.1827930005762508,0.5378764680584865
0.2954442639407687,0.3189446335139909,-0.25799257293361516,-1.341988285859763,-0.4163145499988315,-1.0413402415518211,272.86769615204196,388.0870319523283,78.6404185531202,1.1230066078207113,-0.5619514869490163,-0.45790546988962544,-0.414578098794425,2.0873770280289228,-0.5824823725107177,1.1533710036396891,0.4652857011160609,0.4358786958563716,0.6431558150718372,0.28859349896233943,0.39978724895738255,-0.07622242581255702,0.27683189674649183,-1.341988285859763,0.9263183385761227,0.8025730181661658,0.4963736883478228,0.4821867859822012
-0.39133613425075464,-1.4613084116075081,-0.05517066693827847,0.5577929298120984,1.1030541499589266,1.5063551568772424,269.5363786395412,390.98825832906425,91.1990904428092,1.6888173449366717,-0.5619514869490163,2.183856856396675,-0.414578098794425,-0.4790701375804085,-0.5824823725107177,-0.5427628252422065,0.4329119747788214,0.762308129856727,0.8529674654167526,0.5531871423985516,0.7322669851068534,0.021590275523661814,0.3715160659844664,0.5577929298120984,0.2677984547341823,0.8021287011560385,0.20914648925095158,0.5060395095802828
-1.0571020887766593,0.7006356852240508,-0.9596554634418449,0.6851756193822993,-0.5614376046108243,-1.3400979073737023,242.15005153188457,386.8691649889752,50.41862888489654,1.0229311615262935,-0.5619514869490163,2.183856856396675,-0.414578098794425,-0.4790701375804085,-0.5824823725107177,1.1533710036396891,0.1667717897503895,0.29885125576314037,0.1716680400915381,0.24179458685877123,0.4189526764727746,1.0144537949103074,0.5310021136515781,0.6851756193822993,-1.508775686938985,0.8016960750540674,0.6169449473028296,0.295543701145463
0.49844344242176675,-1.497656894405374,0.3026541101727432,0.8881098243357296,1.0561370635724028,1.3488703086896061,275.14407378126214,390.7925605971348,100.0,1.8477235870827757,-0.5619514869490163,-0.45790546988962544,2.412090756622109,-0.4790701375804085,-0.5824823725107177,-0.5427628252422065,0.4874075271299575,0.7402893379481993,0.9999999999832936,0.6274974705985935,0.7829789535625813,0.15085595653759876,0.3715160659844664,0.8881098243357296,-0.33281550975831686,0.8027039696951344,0.22852095511905213,0.5788519910342924
-0.6564997766878561,1.4213439447344756,0.2783223341366342,1.196008919912715,0.38840420109999496,-1.4103493625826333,236.68496871360705,387.1618208053706,70.19129519453281,1.5912388041559402,-0.5619514869490163,-0.45790546988962544,-0.414578098794425,-0.4790701375804085,1.7167901505579042,1.1533710036396891,0.11366214322004327,0.331779217975573,0.5020004021902849,0.5075558739677595,-0.27539573646074794,-0.18271855020794323,0.884322735083205,1.196008919912715,-0.4618866381061704,0.8019566186486976,0.5879714376461165,0.4081027777186652
0.9515783049051635,-1.3162502322212761,0.7740908761698619,0.7730226877140481,-0.9047360872320515,-0.8411715780508296,327.89080623422024,390.02756917792414,100.0,2.180813759382035,-0.5619514869490163,-0.45790546988962544,-0.414578098794425,2.0873770280289228,-0.5824823725107177,-1.3908297396831544,0.999999999990282,0.6542168694257627,0.9999999999832936,0.7832625285942925,1.0755666405230675,0.73660808378827,0.3715160659844664,0.7730226877140481,-0.722946353462173,0.8029956568122241,0.30425663174013207,0.7827166636467995
1.8976959372188407,1.4999902324650058,0.5773789310263983,0.9792382004271595,-0.23972558332070984,1.176728925261844,249.9961552879729,386.81128814709984,57.40438467026915,1.2653434913351318,-0.5619514869490163,-0.45790546988962544,-0.414578098794425,-0.4790701375804085,1.7167901505579042,-1.3908297396831544,0.24302018542568302,0.2923392838306549,0.28837567949080783,0.3551553934862988,-0.20372201105164847,1.0956896516445531,0.916286824852525,0.9792382004271595,1.265138862161207,0.8036019220466317,0.6226748701098617,0.3716997717251321
-0.9896380354509223,0.9583348211955836,0.5936991709987826,-1.544439492533609,-0.5640061456134663,-1.1360787007298494,275.14407378126214,388.67639021172516,61.74874298020152,1.5912388041559402,-0.5619514869490163,-0.45790546988962544,-0.414578098794425,-0.4790701375804085,1.7167901505579042,-1.3908297396831544,0.4874075271299575,0.5021899236119937,0.3609547702340672,0.5075558739677595,0.49644989008911317,-0.5875472812360764,0.6720945311212713,-1.544439492533609,-1.0326641717804033,0.801740000076244,0.43802604492758734,0.44747863672295274
-2.162027563434458,0.24798691438308967,-0.6298669506850728,-0.921593907092859,-1.3698330806706795,-0.3244094073962245,299.49215043937033,389.7877645665397,68.95137781069295,1.5681284407773937,-0.5619514869490163,-0.45790546988962544,2.412090756622109,-0.4790701375804085,-0.5824823725107177,1.1533710036396891,0.724022010021447,0.6272354231682089,0.48128570282717925,0.4967486289892832,4.222544271720667,1.36178970867754,0.2215317846223049,-0.921593907092859,-8.71831306137488,0.8009739044174923,0.32799776666527336,0.5188771961774039
-0.9168440596528618,0.8957341088798684,1.0849874448313857,0.3785366456239433,-1.5322370955218563,-0.1985673420769602,249.04727078662947,386.5329184022378,71.31003977270198,1.5912388041559402,-0.5619514869490163,-0.45790546988962544,-0.414578098794425,2.0873770280289228,-0.5824823725107177,0.3053040891987413,0.23379893075486052,0.2610187088535386,0.5206907261609919,0.5075558739677595,7.716460759415598,-0.994764293591593,0.6396061560660129,0.3785366456239433,-1.0235672054241907,0.8017873736245354,0.6502340301847797,0.4643820431064529
-0.8548819865291775,0.9385558946423915,0.21781155975886896,1.1714025872168927,-0.46697132351617354,-0.908028811118725,244.82211674534528,386.4195266592499,48.81811455801003,0.9779677140617208,-0.5619514869490163,2.183856856396675,-0.414578098794425,-0.4790701375804085,-0.5824823725107177,-0.5427628252422065,0.19273890565910326,0.24826051708310415,0.1449290222021985,0.22076804634675232,0.5142692812303135,-0.18620317889568055,0.6619433116787952,1.1714025872168927,-0.9108482408967835,0.8018276801330771,0.6614600389513747,0.30357254625547475
0.1469334699282216,1.4559258694625647,-0.21061698418408145,-1.693675535889214,-1.568572972409005,0.7043332881387377,290.11449187794005,386.9931871802825,70.97226175209775,1.6531242837809281,1.7795130420052183,-0.45790546988962544,-0.414578098794425,-0.4790701375804085,-0.5824823725107177,1.1533710036396891,0.6328899726780842,0.31280552490827623,0.5150476323230679,0.5364957711023328,-2.227032282297865,-0.030946684311984454,0.8985038263857856,-1.693675535889214,0.10092098293544238,0.8024771065615623,0.6046665029453979,0.5770946798410083
0.8031327588812429,-0.9186535328459797,0.4975495472166844,0.01850458118422611,-1.075867997174523,1.1935677316889703,302.1745214089146,390.4692123711339,100.0,1.6838260340660245,-0.5619514869490163,2.183856856396675,-0.414578098794425,-0.4790701375804085,-0.5824823725107177,-0.5427628252422065,0.7500892772144183,0.703908040975004,0.9999999999832936,0.5508530242170568,-0.9013883064270819,0.39959834053624893,-2.5090378739918746,0.01850458118422611,-0.8742499005772016,0.8029001956475721,0.26053307455651376,0.6503306566426886
-3.6754965388563132,0.2356241479283509,-0.46812954733992557,0.564444476654745,0.8070817579266393,1.2741552495411326,262.0849721927299,388.8467594338331,85.87666608767259,1.363808819214955,-0.5619514869490163,-0.45790546988962544,-0.414578098794425,-0.4790701375804085,1.7167901505579042,1.1533710036396891,0.36049924551137674,0.5213588961505441,0.7640482988364051,0.4012013557610022,0.633424975162071,1.7206085309842691,0.21157622535493012,0.564444476654745,-15.598980645969213,0.7999761732278352,0.42115915206091437,0.48469190752994334
-0.5423641009292253,-1.4614680005131842,0.08532616377236175,-1.6094067156119862,0.7495798949639949,-0.5818602379778913,275.14407378126214,390.83048119717887,83.13361575720394,1.5912388041559402,-0.5619514869490163,-0.45790546988962544,-0.414578098794425,-0.4790701375804085,1.7167901505579042,0.3053040891987413,0.4874075271299575,0.7445559474443058,0.7182214851518057,0.5075558739677595,-1.2882473269821948,-0.04627784810013681,0.3715160659844664,-1.6094067156119862,0.37110911844110656,0.8020307254683989,0.2247667400650094,0.4834804892367429
0.571449274684394,0.3250674099787478,0.9003837030472454,-0.36168364404183084,0.8521526912310211,0.08227317092272383,275.14407378126214,387.3686814151523,88.14183929037894,1.769674301486834,-0.5619514869490163,-0.45790546988962544,-0.414578098794425,-0.4790701375804085,1.7167901505579042,1.1533710036396891,0.4874075271299575,0.35505399319114184,0.8018914507358585,0.5909987909364023,10.357601041946173,0.5145236140439972,0.28146333359973214,-0.36168364404183084,1.7579408312996165,0.8027510223211597,0.5674918246012652,0.6067678351605486
1.035071833439437,-1.2000884002883943,1.445160982731592,1.2972984374523027,-0.5656292673373801,-0.8971149433708536,275.14407378126214,392.140244805664,100.0,1.963501929493746,-0.5619514869490163,-0.45790546988962544,-0.414578098794425,2.0873770280289228,-0.5824823725107177,0.3053040891987413,0.4874075271299575,0.8919230735742822,0.9999999999832936,0.681639627047713,0.6304981007701882,1.4958454280111277,0.3715160659844664,1.2972984374523027,-0.8624963244817586,0.803049308719085,0.09509752991277043,0.5563245660225459
-0.08828975795662698,0.14948753711504473,1.5712747728642211,0.5453984767117773,1.3616299494516415,-0.9096324531832701,278.5177067754927,388.22513659207374,97.76366383228385,1.5912388041559402,-0.5619514869490163,-0.45790546988962544,2.412090756622109,-0.4790701375804085,-0.5824823725107177,1.1533710036396891,0.5201924750995418,0.45141744172826365,0.9626386144645125,0.5075558739677595,-1.496901244215179,-0.13872746937953612,0.13931622315714348,0.5453984767117773,-0.5906161748993398,0.8023250041447634,0.4827010535012459,0.618903834314854
-0.9392280901918395,0.1751307680047003,0.052186492610615,-0.9111112629279043,0.3651796103140747,-1.1993198753792336,275.14407378126214,388.0612418040019,63.856801049637234,1.3660197761279074,1.7795130420052183,-0.45790546988962544,-0.414578098794425,-0.4790701375804085,-0.5824823725107177,-1.3908297396831544,0.4874075271299575,0.43297693555649414,0.39617307567720567,0.40223527948620486,-0.3044889175234349,-0.04901501978847847,0.16137943332253,-0.9111112629279043,-5.363010141105654,0.801772808734266,0.4989269644821783,0.4504443240760742
1.3563043233433758,-0.18979416894413065,0.11275066389513196,1.1534655825190159,-1.2086256392911425,1.5010850180516757,238.1876174248979,386.6368422203175,72.39636837120398,1.2324496988862759,1.7795130420052183,-0.45790546988962544,-0.414578098794425,-0.4790701375804085,-0.5824823725107177,1.1533710036396891,0.12826487561579678,0.2727116237487479,0.5388394920552354,0.33977306186982825,-0.805168011106195,0.15292421290080335,-0.21046695118209016,1.1534655825190159,-7.146185459937993,0.8032554577367015,0.6399453648721247,0.40113028929054473
-0.7347261705429984,0.004406545407309107,1.1302524379389007,-0.5406589294540248,-1.1491044437531992,1.3206678600978503,252.3103875386266,389.41653171078445,80.29202073823922,1.6631082893361393,-0.5619514869490163,-0.45790546988962544,-0.414578098794425,2.0873770280289228,-0.5824823725107177,1.1533710036396891,0.26550988245466306,0.5854664209427247,0.670748333071897,0.5411646545869517,-0.8700934410548665,-0.8304260454737364,0.004396865013739989,-0.5406589294540248,-166.7351487151737,0.8019057953549862,0.3647505599758293,0.4467606189157208
-0.9680231148755647,0.8316227466072778,-0.6362845256057367,1.1553570338214594,0.6991304072893916,0.9370526172167988,232.12838902198968,388.1721635843081,59.7532990906326,1.356822237278482,1.7795130420052183,-0.45790546988962544,-0.414578098794425,-0.4790701375804085,-0.5824823725107177,0.3053040891987413,0.06938132537043833,0.44545722122258885,0.327617855366113,0.3979341763872779,0.7460951431092838,0.6159381284239862,0.6052023207056046,1.1553570338214594,-1.1640171191333262,0.80175406919037,0.48794548694851547,0.3042920684672442
0.33359208716956046,0.9527142880375212,1.2667657406468669,-0.7054154359967543,-1.0507836279560236,0.03654011978609153,281.3825527838909,389.1165069093946,76.23951468250341,1.5047990931529593,-0.5619514869490163,-0.45790546988962544,-0.414578098794425,2.0873770280289228,-0.5824823725107177,0.3053040891987413,0.5480330337752578,0.5517093425950714,0.603045076624471,0.4671335267559841,-28.75698288211432,0.4225830273772824,0.6692203473049494,-0.7054154359967543,0.3501491381078913,0.8025976399205481,0.3944536138477406,0.507211288101827
-0.9918448335821776,-0.10008261648350875,0.017645879740414285,0.2725509378132087,0.07404559484771205,-0.057269558748953536,230.7277506796092,386.4193903431989,70.99214583821973,1.3576915237599096,-0.5619514869490163,-0.45790546988962544,-0.414578098794425,-0.4790701375804085,1.7167901505579042,1.1533710036396891,0.05576992921155575,0.24824517957903025,0.5153798261220219,0.3983406863069786,-1.2929311445410114,-0.017501974654542327,-0.10545231596413299,0.2725509378132087,9.910260925840914,0.8017385635633514,0.6614735345123671,0.3906124561834597
-0.07496269649131204,0.2682529999475468,-1.359006678041963,-0.3765036417946573,1.7039581727296897,0.07844247311160783,275.14407378126214,389.3162906190525,55.75198113736164,1.8363971187532828,-0.5619514869490163,-0.45790546988962544,-0.414578098794425,-0.4790701375804085,1.7167901505579042,0.3053040891987413,0.4874075271299575,0.5741878653980674,0.26076977376125865,0.6222008027802323,21.7223920079994,0.10187480513572589,0.23764036288472834,-0.3765036417946573,-0.27944774607002426,0.802333628055216,0.3746746280332056,0.4295235191436497
0.3731858314838855,1.4052187122558115,-1.5183945976424627,-0.7863662747335626,-1.6191258577223167,0.10209929066278818,285.1826148242896,388.1017790992384,60.7075881136491,1.3686345291762807,-0.5619514869490163,2.183856856396675,-0.414578098794425,-0.4790701375804085,-0.5824823725107177,1.1533710036396891,0.5849620170074956,0.43753796066162387,0.3435607000063584,0.403458032944864,-15.858345649154337,-0.5666433504418422,0.8776408400697816,-0.7863662747335626,0.2655713505403264,0.8026231884511487,0.49491369138390895,0.46579880953878827
0.10337547684962173,-1.376842895979505,1.283545517678607,1.2668316362037149,-1.5768299791679512,-0.25160770375590347,299.95216659094154,388.89209250640965,100.0,1.9074635643606668,-0.5619514869490163,-0.45790546988962544,-0.414578098794425,-0.4790701375804085,1.7167901505579042,-1.3908297396831544,0.7284924446004964,0.5264595147514665,0.9999999999832936,0.6554340529394023,6.267017908818589,0.13268712994822057,0.3715160659844664,1.2668316362037149,-0.07508153415801339,0.802448958234659,0.4166710874386452,0.703802315823514
-0.8059796646500553,-1.3858593605990757,-1.5784093982803806,-1.0791466335958493,1.7083656826996265,-1.3016098733371066,286.29354249224946,389.5297067467418,75.99874809283386,1.8422078350689726,-0.5619514869490163,-0.45790546988962544,2.412090756622109,-0.4790701375804085,-0.5824823725107177,0.3053040891987413,0.5957580063324526,0.598200230074878,0.5990227057901825,0.6249181046977946,-1.3125020937588383,1.2721658775065168,0.3715160659844664,-1.0791466335958493,0.581573923116717,0.8018594797157993,0.353546005637575,0.5418532006962341
0.6351657077785655,-1.4866322421518636,-0.7594321718851115,-1.4241208992694199,0.3342564860979244,-1.3227306393712148,298.10848704994083,391.54109541373396,86.29926515340271,2.6442881898313937,-0.5619514869490163,2.183856856396675,-0.414578098794425,-0.4790701375804085,-0.5824823725107177,1.1533710036396891,0.7105755763674474,0.824510203466084,0.7711084568048487,0.9999999995323636,-0.25270185508783666,-0.48236527296522,0.3715160659844664,-1.4241208992694199,-0.4272514009829561,0.8027920696278372,0.15441451498660397,0.6445534157645701
0.42360799516306563,0.46801857696768057,-0.5646675400647575,-0.5611478119899301,-1.2056528839156044,1.5434955757197952,303.00833008159356,388.8467594338331,84.47790855962745,1.255586392099242,1.7795130420052183,-0.45790546988962544,-0.414578098794425,-0.4790701375804085,-0.5824823725107177,-1.3908297396831544,0.7581922255781313,0.5213588961505441,0.7406799340945508,0.35059261963483046,-0.7811184574158825,-0.23919768458049195,0.38391358472239157,-0.5611478119899301,0.9051093591253085,0.8026557146730205,0.42115915206091437,0.5880359631392716
0.47982999660265324,-0.3522154771872603,-1.1510713759713205,0.6998796933861036,1.3861308377266441,-0.0870112592374026,296.49731614226994,388.8467594338331,85.45965025270715,2.0822486221037675,-0.5619514869490163,-0.45790546988962544,2.412090756622109,-0.4790701375804085,-0.5824823725107177,1.1533710036396891,0.6949182258291902,0.5213588961505441,0.7570814172009435,0.7371698918211195,-15.930476880873362,-0.55231857442173,-0.43419716445261597,0.6998796933861036,-1.3623194579546098,0.8026919696603391,0.42115915206091437,0.6504695884284454
1.6355950819662932,0.8672701340958174,-0.6383127287728854,1.0012560048130816,1.3292015196322289,1.5468098895808011,241.54671801681098,387.17634157510975,51.26252830646144,0.7090706832810384,-0.5619514869490163,2.183856856396675,-0.414578098794425,-0.4790701375804085,-0.5824823725107177,-0.5427628252422065,0.16090859777490746,0.3334130121135294,0.18576665911103984,0.09502203197082067,0.8593179599680061,-1.0440211599374156,0.6244775429500545,1.0012560048130816,1.8859119157672712,0.8034343420687992,0.5865338524737402,0.2603521136228314
-0.9872632561009138,0.513848318321423,0.9221711197875918,1.643368214050677,0.17129805121303177,-1.1912654031972925,248.40410477157337,388.73215214651293,68.4225330025711,1.4168900983205601,-0.5619514869490163,-0.45790546988962544,2.412090756622109,-0.4790701375804085,-0.5824823725107177,-0.5427628252422065,0.22754864675079733,0.5084639382692071,0.47245054868484637,0.4260240890806213,-0.1437950358476558,-0.9104256624037237,0.4146549639470413,1.643368214050677,-1.9213126110924572,0.8017415459131843,0.4325055021413563,0.37970842454791415
0.92951909496379,-0.6435186353885448,-1.727198148498925,-0.714080209455704,0.459248723638631,0.163989955788619,310.1137295112151,391.7767836246588,74.8398473271082,2.482674791232245,-0.5619514869490163,-0.45790546988962544,-0.414578098794425,2.0873770280289228,-0.5824823725107177,1.1533710036396891,0.8272424604441168,0.8510284958370854,0.579661511837618,0.924423706686769,2.800468593516351,-1.6054636598158545,-1.0314733136737255,-0.714080209455704,-1.4444322903671556,0.802981476977136,0.1310809119189763,0.6107430854097374
-0.33429479798937534,1.2925320829634384,1.2296134262297211,-0.33957729971263545,-0.7135413395572539,-1.0382065287668125,262.2669470061921,384.2130468340794,62.62272562037451,1.4626209149126312,1.7795130420052183,-0.45790546988962544,-0.414578098794425,-0.4790701375804085,-0.5824823725107177,0.3053040891987413,0.3622676758063543,0.0,0.37555597502054267,0.44740947925735347,0.6872826556890226,-0.4110533719264883,0.8296569198001487,-0.33957729971263545,-0.25863558989134655,0.8021656802119814,0.8799059434590035,0.5120276782132636
-0.5647199143112837,0.8268531705951694,1.3365133171586863,-1.2495573796252866,-1.462648055667343,-0.8805462973356856,251.89685668412397,387.0371922818197,69.9444221379318,1.4221136908934193,-0.5619514869490163,-0.45790546988962544,-0.414578098794425,-0.4790701375804085,1.7167901505579042,-0.5427628252422065,0.2614911917518296,0.31775672778686037,0.49787601356972694,0.4284668306194689,1.661068886160809,-0.7547556859417428,0.6025949077706798,-1.2495573796252866,-0.6829748421014376,0.8020162144757881,0.6003099101052604,0.4386872045681895
-0.11727997870115567,-0.8598530199015156,-0.4258994609485172,0.22070072493945547,0.3676592593616322,-1.6542603934191686,263.54911677142366,389.5284115778467,96.32000873555302,1.6704776804372015,-0.5619514869490163,-0.45790546988962544,-0.414578098794425,2.0873770280289228,-0.5824823725107177,1.1533710036396891,0.3747277949459226,0.5980545050626065,0.9385201677820547,0.5446108494246025,-0.22224993178007008,0.04994947970887578,-1.9650635492418498,0.22070072493945547,0.13639537935330373,0.8023062420530795,0.3536742299419834,0.5443891077997068
0.2983128474963407,-0.5387699540858376,-1.2216045997145442,1.6394636439354597,-0.6409814227242817,-1.3459997667869694,273.74157364594816,388.8467594338331,77.14619915513515,1.8638967522233736,1.7795130420052183,-0.45790546988962544,-0.414578098794425,-0.4790701375804085,-0.5824823725107177,-1.3908297396831544,0.47377803807698754,0.5213588961505441,0.6181926150915888,0.6350606298137381,0.4762121354081495,-0.3644203466554731,-0.7738583454538843,1.6394636439354597,-0.5536924354963296,0.802574869849016,0.42115915206091437,0.5289834791739697
0.996433353204552,-0.7093340725496433,0.40594346766506817,0.6436332583724735,0.5999715417343909,1.420739837685332,275.14407378126214,390.78802649606365,100.0,1.963149842945259,-0.5619514869490163,-0.45790546988962544,-0.414578098794425,2.0873770280289228,-0.5824823725107177,-0.5427628252422065,0.4874075271299575,0.7397791867727423,0.9999999999832936,0.6814749785945149,0.42229514890605785,0.4044956106969875,-1.2355806869198793,0.6436332583724735,-1.4047448066715569,0.8030244837272608,0.22896984017039934,0.5897597138963134
-0.5993028531714915,-1.2469861453822062,-1.3451201234179415,0.28897225663319626,1.1807204076941193,-0.6435449855056619,261.3190842794943,390.86552788066496,75.61364024454444,1.5875610392714834,-0.5619514869490163,-0.45790546988962544,-0.414578098794425,-0.4790701375804085,1.7167901505579042,-1.3908297396831544,0.35305635073624747,0.7484992002513563,0.5925888954382517,0.5058360175800205,-1.834713090959893,0.8061343278227611,0.3715160659844664,0.28897225663319626,0.480601052282264,0.8019937627745888,0.22129704848352427,0.41055559471732234
0.9229515478028175,-1.2806802678349578,-0.4526192017915902,-0.39184550410966823,-1.5715119849068566,0.35024118595182874,306.1517315059441,390.1634502897154,100.0,2.0630409452187415,1.7795130420052183,-0.45790546988962544,-0.414578098794425,-0.4790701375804085,-0.5824823725107177,1.1533710036396891,0.7887397843437387,0.669505436622392,0.9999999999832936,0.7281876847409576,-4.486942265653634,-0.41774559285882396,0.3715160659844664,-0.39184550410966823,-0.7206728890137253,0.8029772549131653,0.2908041305968455,0.7049605048963479
-1.2230890952597582,1.4219872302742058,1.7072787048304159,1.3632976026572228,0.37151523526063196,-0.1460172334449886,275.14407378126214,386.34123337005934,61.96103145726696,1.5912388041559402,-0.5619514869490163,-0.45790546988962544,2.412090756622109,-0.4790701375804085,-0.5824823725107177,0.3053040891987413,0.4874075271299575,0.23945140301967094,0.3645013710301974,0.5075558739677595,-2.544324591281367,-2.088153966447285,0.8845883727281516,1.3632976026572228,-0.860126637117395,0.8015879204174249,0.6692112307723979,0.506161583383188
0.041569416949349194,-0.28606421119901293,1.8420573492687111,-0.04094586877009979,-0.8545253404119979,-0.3698921468642442,287.93191014632146,388.307855239184,100.0,1.5145706227368878,-0.5619514869490163,-0.45790546988962544,2.412090756622109,-0.4790701375804085,-0.5824823725107177,-1.3908297396831544,0.6116796547114136,0.4607244718083686,0.9999999999832936,0.47170304876211466,2.3102013653612996,0.07657324999636402,-0.3369622523379247,-0.04094586877009979,-0.1453149868710582,0.8024090038156743,0.4745117424178098,0.6464724417661228
0.2294231778141083,-0.4731944046535025,1.0292083014388058,-1.257795124742115,1.3073615440993813,0.0858645002597238,288.52407813977425,388.9561020888803,90.76006292100645,1.5837182763065836,1.7795130420052183,-0.45790546988962544,-0.414578098794425,-0.4790701375804085,-0.5824823725107177,-1.3908297396831544,0.6174343402055987,0.5336615076548951,0.8456328451873716,0.5040390020993188,15.22586779075163,0.2361242391487515,-0.6409236877827481,-1.257795124742115,-0.48483916133146804,0.8025303917171431,0.4103340110781689,0.6000298165479285
1.8317058040759624,0.7142462486858745,-0.6489823382864299,-0.4824359231689715,-0.7792203215563009,-1.1092160487324834,235.28999251441803,388.4691962934272,45.489915320729956,0.8902875005737849,-0.5619514869490163,-0.45790546988962544,-0.414578098794425,-0.4790701375804085,1.7167901505579042,-0.5427628252422065,0.10010577173937739,0.47887764642443864,0.0893264090609363,0.17976559513437246,0.7024964371451561,-1.1887447157820434,0.5389734788677794,-0.4824359231689715,2.5645298171065605,0.8035597565957611,0.45853865618048073,0.20295111685904194
-0.9477123601967596,0.10849367174526232,0.7219152587846914,-1.4833437084377232,0.42216842693195006,1.6695554517414117,259.3820107305694,387.2066940211196,63.25322229222496,1.5670678760729464,-0.5619514869490163,2.183856856396675,-0.414578098794425,-0.4790701375804085,-0.5824823725107177,1.1533710036396891,0.3342318800177763,0.33682809611075326,0.3860893776302987,0.4962526704278039,0.25286277627900833,-0.6841680137648944,0.10300204121288381,-1.4833437084377232,-8.735185529408158,0.8017672876138956,0.5835288997671713,0.44192466744026115
-0.28293921696598445,1.4220301642620998,0.7864793665651504,-1.0308641215153231,0.22963539543157313,1.0790457819707675,277.9959734585682,387.4526344073086,78.6404185531202,1.4616813622497227,1.7795130420052183,-0.45790546988962544,-0.414578098794425,-0.4790701375804085,-0.5824823725107177,0.3053040891987413,0.5151222734271547,0.3644999047311605,0.6431558150718372,0.4469701103200542,0.21281339407059632,-0.2225258561358471,0.8846060993316702,-1.0308641215153231,-0.19896850564617583,0.8021989615085369,0.5591803108958149,0.5445147355840703
1.0217310162666093,0.8877715395182015,-0.36920036059915934,-1.6494767126974532,-0.29980952867783595,0.813108299478182,310.55193785953225,387.07910613818825,69.43112176583172,1.7595629841207994,-0.5619514869490163,-0.45790546988962544,-0.414578098794425,2.0873770280289228,-0.5824823725107177,-0.5427628252422065,0.8315009669040617,0.3224726356942407,0.48930055279338497,0.5862703718267618,-0.36872029039861054,-0.3772234596409777,0.6353970537902962,-1.6494767126974532,1.1508940866365398,0.8030407380281983,0.5961603547087511,0.638069591312105
0.1389682545496677,-0.14390860526835764,0.5516867696239585,-0.18740651584185897,0.6470699382781105,-0.13303069368623271,292.1523679704541,391.0305592855897,90.7045519628655,1.5912388041559402,-0.5619514869490163,2.183856856396675,-0.414578098794425,-0.4790701375804085,-0.5824823725107177,0.3053040891987413,0.652694041993209,0.7670675920644995,0.8447054504881484,0.5075558739677595,-4.864065015464476,0.07666694743278615,-0.1553781389935461,-0.18740651584185897,-0.9656702269901996,0.8024719598253853,0.20495861016666406,0.5597354025552177
0.9425407460137666,-0.49705645935536924,-1.7415918869972362,0.4209694684829056,0.80905425801445,-1.2283673200372702,321.67443031019235,391.0047326808166,81.54139286067723,2.0067763380262447,-0.5619514869490163,-0.45790546988962544,-0.414578098794425,-0.4790701375804085,1.7167901505579042,1.1533710036396891,0.9395892909483774,0.7641617298933031,0.691620988174772,0.7018763116315446,-0.6586419595146379,-1.6415213164218985,-0.6872773604216689,0.4209694684829056,-1.8962448433572099,0.802989847643414,0.20751549556197246,0.6470361705450083
0.6357294079003285,1.5951295691466556,-1.0198303138184028,-0.5565646148744701,0.27470595740220377,1.43397703130525,301.63123561525805,387.57919589144217,82.42213588898765,1.5699424280282201,-0.5619514869490163,-0.45790546988962544,-0.414578098794425,-0.4790701375804085,1.7167901505579042,-1.3908297396831544,0.7448096286847459,0.378739880612823,0.7063351354924757,0.49759691528778915,0.19156928682503976,-0.6483361215625795,0.953636445678372,-0.5565646148744701,0.3985440554787532,0.8027924326980032,0.5466504714828271,0.6362086734068072
-0.16783985404681437,0.6733623405426523,0.13026679391993093,-0.29782471549054446,0.918905423287064,-0.5747000229094064,275.2840918209897,388.5163704971922,58.583554079073814,1.5912388041559402,-0.5619514869490163,-0.45790546988962544,-0.414578098794425,2.0873770280289228,-0.5824823725107177,-1.3908297396831544,0.48876822171503015,0.4841854185989595,0.3080754918492045,0.5075558739677595,-1.5989305520366188,-0.021863959678667652,0.5148349798709279,-0.29782471549054446,-0.24925637163239403,0.8022735118779308,0.45386831589759347,0.4386275932447604
0.5889968017057745,1.473641860641665,-1.1847089672725153,1.5106773331305294,1.6758418802394803,-1.584728734814498,295.3824727219245,386.4375250834981,64.86879055207797,1.442006896663712,-0.5619514869490163,-0.45790546988962544,2.412090756622109,-0.4790701375804085,-0.5824823725107177,1.1533710036396891,0.6840841832428255,0.25028559705870945,0.4130798942885866,0.4377696158957216,-1.0574944749097026,-0.6977897926756625,0.905691502230931,1.5106773331305294,0.3996878868856378,0.8027623284603447,0.6596781590448597,0.5609686914853536
1.3656055438550876,-1.381145431188034,-1.1768644511564839,0.8150834961262826,-0.22207579500566904,-0.5711748808447574,249.73172711519447,390.276463347559,78.6404185531202,1.5595399727223702,-0.5619514869490163,-0.45790546988962544,-0.414578098794425,-0.4790701375804085,1.7167901505579042,1.1533710036396891,0.240450473811806,0.6822210209016308,0.6431558150718372,0.4927323495072124,0.388805255346713,-1.6071326188652693,0.3715160659844664,0.8150834961262826,-0.9887485517503898,0.8032614203392419,0.27961561241498956,0.401374468916691
-1.0221021653327333,1.1285474223950496,1.2628424272743293,0.10653296932220771,0.09857207713457221,0.9963418539391643,229.28401215561814,388.8467594338331,61.69536073788363,1.5912388041559402,-0.5619514869490163,2.183856856396675,-0.414578098794425,-0.4790701375804085,-0.5824823725107177,-1.3908297396831544,0.04173968571095041,0.5213588961505441,0.3600629389593746,0.5075558739677595,0.09893399202886134,-1.290753979391137,0.7554397857630625,0.10653296932220771,-0.9056794106692537,0.8017188654954377,0.42115915206091437,0.30933860326190926
0.695506467679941,0.39674660426633696,1.8190158963286343,-0.7537564168299377,-1.5906567464588706,0.4007964177445379,304.53012879590267,388.9484397999338,96.40650799826976,1.5949165690403972,1.7795130420052183,-0.45790546988962544,-0.414578098794425,-0.4790701375804085,-0.5824823725107177,-0.5427628252422065,0.7729810576040594,0.532799390632931,0.9399652690812709,0.5092757303554986,-3.9687399189879815,1.26513732070919,0.33414567818633834,-0.7537564168299377,1.7530243698318368,0.8028309265869916,0.4110925929697522,0.6715139288650733
0.617740209534035,-1.3693415024306366,0.24264922660438723,1.3018695300236298,1.0454220763301139,0.845092796493612,289.34817624578454,390.53664568901314,85.46733888544648,1.905896947459598,-0.5619514869490163,2.183856856396675,-0.414578098794425,-0.4790701375804085,-0.5824823725107177,-1.3908297396831544,0.6254429213327058,0.7114952530466295,0.7572098674652792,0.6547014459976617,1.2370500369079482,0.1498941840858657,0.3715160659844664,1.3018695300236298,-0.45112209692662003,0.8027808454886934,0.25385704156040656,0.5713398928557656
1.8778324099687733,0.22939188610235425,1.2729064036119508,-0.9197077423104113,0.11756998691134486,0.9934927547396972,245.55971601269977,387.26536418128745,80.65336858491392,1.599406063841638,-0.5619514869490163,2.183856856396675,-0.414578098794425,-0.4790701375804085,-0.5824823725107177,-0.5427628252422065,0.19990689152003585,0.343429327689882,0.6767851965814571,0.5113751811236179,0.11834005455209289,2.3903048995593137,0.20651964558478433,-0.9197077423104113,8.186132620858068,0.8035892318241793,0.5777204368665466,0.4758735120427352
-0.016683277226520733,0.5648095959531786,1.8233416677108927,-0.616810476053337,-0.2601285617740106,-1.0235132871453745,287.4140774161373,388.91427144890787,78.6404185531202,1.5912388041559402,-0.5619514869490163,-0.45790546988962544,2.412090756622109,-0.4790701375804085,-0.5824823725107177,-1.3908297396831544,0.6066473589207719,0.5289549627814696,0.6431558150718372,0.5075558739677595,0.25415259898938264,-0.030419314521087468,0.44776415266277914,-0.616810476053337,-0.02953787845765613,0.802371331733299,0.4144753278854525,0.5479131682091058
0.16275075644885664,-1.7451465493707392,-1.2653368429535459,1.3423742016884648,-1.316127812643398,1.444786966155612,298.6644119593078,391.2237023468205,78.6404185531202,1.672121635060158,-0.5619514869490163,2.183856856396675,-0.414578098794425,-0.4790701375804085,-0.5824823725107177,-1.3908297396831544,0.7159780517581499,0.7887989470060645,0.6431558150718372,0.5453796222929809,-0.9109493943141606,-0.2059345283532977,0.3715160659844664,1.3423742016884648,-0.09325907706765373,0.802487326134106,0.18583706179416382,0.5311175592025413
0.7868622556027101,-0.22979261461467657,-0.14937873022606288,0.0685570975259086,1.3604086113849685,-0.2397260871009008,275.14407378126214,390.59441442982535,92.81477484351726,2.2253367340535837,-0.5619514869490163,-0.45790546988962544,2.412090756622109,-0.4790701375804085,-0.5824823725107177,-0.5427628252422065,0.4874075271299575,0.7179950620644483,0.8799599223840705,0.8040830880361485,-5.674845960703551,-0.11754048460474856,-0.26109546872841927,0.0685570975259086,-3.424227799254441,0.802889726942732,0.2481378209742794,0.5890633115858044
0.15581468538165605,1.0423803543336632,-0.35198325429713834,0.7827107728302929,-0.3037095566779616,0.4573344571225327,274.9698711923698,387.8623677610708,78.6404185531202,1.4459741175060286,-0.5619514869490163,-0.45790546988962544,2.412090756622109,-0.4790701375804085,-0.5824823725107177,0.3053040891987413,0.48571462727310605,0.41060076326193623,0.6431558150718372,0.4396248323985669,-0.6640863186315809,-0.054844160027920044,0.7141159679866458,0.7827107728302929,0.14947968328871677,0.8024828448577903,0.5186158914760226,0.5240822812986101
-0.298541221609972,-0.7747490063749872,-1.4893169334122014,0.27397586024351506,0.6637593725454777,-1.7504703101113965,259.92951281557885,389.9219121174665,75.6166285875396,1.4484631327131499,-0.5619514869490163,-0.45790546988962544,-0.414578098794425,-0.4790701375804085,1.7167901505579042,1.1533710036396891,0.3395525024449849,0.6423289399901655,0.5926388202377143,0.44078878627752166,-0.3791891636724913,0.4446224966652959,-1.4905399712935954,0.27397586024351506,0.38533927702879034,0.8021888517134542,0.3147168915059353,0.41686243592491223
-0.39008107151078325,-0.21529056169985053,0.9681618312853777,0.4844012327491462,-1.1300780060618083,1.6860769309069776,263.6884175376609,388.2738579277993,80.65197918327088,1.9951765686510345,-0.5619514869490163,-0.45790546988962544,-0.414578098794425,-0.4790701375804085,1.7167901505579042,0.3053040891987413,0.37608151907092996,0.4568992883611824,0.6767619845209559,0.6964518383215275,-0.6702410694769861,-0.3776616045436423,-0.24244177201209882,0.4844012327491462,1.8118819062142657,0.8021295149427431,0.47787754406781,0.540774705532776
-0.2668006311468607,-0.2709451702984051,-0.2020254559016463,-0.7039398421291404,1.6022745596396812,-0.7844543686022971,271.2371793472411,388.8467594338331,61.60735330003876,1.8644292095067092,-0.5619514869490163,-0.45790546988962544,-0.414578098794425,2.0873770280289228,-0.5824823725107177,-0.5427628252422065,0.44944034724966603,0.5213588961505441,0.35859264130855206,0.6353096261712304,-2.042533799049485,0.053900519142291506,-0.3160063375910828,-0.7039398421291404,0.9847034063671393,0.8022094179154347,0.42115915206091437,0.4568319777515125
0.27224129713892603,-0.7522307814320409,-0.07265969468895546,-0.898646734102916,-1.0322876282880444,-1.5432692846478013,290.09402158675516,388.4142240237337,96.74398964318092,1.5170682904484638,-0.5619514869490163,2.183856856396675,-0.414578098794425,-0.4790701375804085,-0.5824823725107177,-0.5427628252422065,0.6326910424943426,0.4726924803768463,0.945603411513996,0.47287104886629694,0.6688966334171069,-0.019780969531839568,-1.3952575363569755,-0.898646734102916,-0.3619119347689618,0.8025580392816012,0.46398102054703805,0.6367776305368207
0.7862701007226502,1.3613560794897812,-1.2323035606674893,-0.6263774044514268,-0.9613014037266128,-0.16943043167300953,307.438122240946,389.43954392093246,65.346197093568,2.06887617155121,-0.5619514869490163,-0.45790546988962544,-0.414578098794425,2.0873770280289228,-0.5824823725107177,1.1533710036396891,0.801240922845679,0.5880556234930487,0.4210556942167398,0.7309164484322453,5.673723426825647,-0.9689234447669073,0.8592360639657303,-0.6263774044514268,0.5775638805974777,0.8028893459198304,0.3624723052629799,0.5824375664100827
-0.1999958518403257,0.8911742538196832,-1.1222045286053606,-1.1870608934761955,1.2572154146097887,-1.3110581640956613,263.5534551551998,389.0336229682897,78.6404185531202,1.5912388041559402,-0.5619514869490163,2.183856856396675,-0.414578098794425,-0.4790701375804085,-0.5824823725107177,-0.5427628252422065,0.3747699553369955,0.5423837145780555,0.6431558150718372,0.5075558739677595,-0.9589318384176493,0.22443625063750025,0.6371979344629497,-1.1870608934761955,-0.22441834552412213,0.8022526899268966,0.4026592893664007,0.47539593750420994
-0.6913652651559892,-1.4081951624512457,1.5204949934469727,1.225738992294419,1.4375382441831746,-1.2302758999980725,265.42558926906224,388.8467594338331,99.86533938980122,1.836724813272221,-0.5619514869490163,-0.45790546988962544,-0.414578098794425,2.0873770280289228,-0.5824823725107177,1.1533710036396891,0.39296334496177976,0.5213588961505441,0.9977502903714471,0.6223540446348175,-1.1684681829123817,-1.0512174243128203,0.3715160659844664,1.225738992294419,0.49095841548233127,0.8019339699237321,0.42115915206091437,0.5970871730235878
1.8874224676044091,1.6307943955552289,-1.6181451411555883,-0.7580993586840279,-0.9188937736924937,0.4339949589199387,237.70847300065708,388.53219633559604,40.386713442359905,1.6376501866945525,-0.5619514869490163,-0.45790546988962544,-0.414578098794425,-0.4790701375804085,1.7167901505579042,-1.3908297396831544,0.12360855258198843,0.48596605161476525,0.0040696862522788145,0.5292595214902462,-2.117291347950231,-3.0541234952619654,0.9672858521232022,-0.7580993586840279,1.1573638415678045,0.8035953588333482,0.45230152632386667,0.2570272732166822
0.49659456856427875,1.2268237970619502,-0.9332370311004626,0.1757840451478182,-0.05208583356862081,-0.3959814711653532,292.0901618292676,389.01950549119664,78.6404185531202,1.5525923767991598,-0.5619514869490163,-0.45790546988962544,-0.414578098794425,-0.4790701375804085,1.7167901505579042,-0.5427628252422065,0.6520895230352555,0.5407952966269588,0.6431558150718372,0.48948340140874597,0.1315360376506277,-0.46344044082754265,0.8005762639334648,0.1757840451478182,0.40478067783553257,0.8027027777964946,0.40405694776226764,0.555326727900852
0.6648405457244169,-0.8140048731677064,-0.7177710538199003,0.9493760559679428,0.835043913680616,1.4380915956953437,301.95690231999197,391.43335080571825,97.18981183505743,1.9840174372478625,-0.5619514869490163,-0.45790546988962544,-0.414578098794425,-0.4790701375804085,1.7167901505579042,-1.3908297396831544,0.7479744560350792,0.8123873950933271,0.9530515470063162,0.6912334233253773,0.5806611453675841,-0.47720329912681225,-1.682034805438536,0.9493760559679428,-0.8167525385369465,0.8028111809039427,0.16508144612520725,0.6421722697584801
-1.0313209270484145,1.0817955711459082,0.0032925161754437187,0.9220206171262568,1.3224240366540403,-0.6517856026589206,275.14407378126214,386.6109288322395,47.396550636781505,1.0184912942361186,-0.5619514869490163,-0.45790546988962544,-0.414578098794425,-0.4790701375804085,1.7167901505579042,-0.5427628252422065,0.4874075271299575,0.269795997215377,0.12117964209229799,0.23971834371664105,-2.0289248999797094,-0.003395640834380516,0.7332307766812259,0.9220206171262568,-0.9533417898934735,0.8017128631410901,0.6425108419877446,0.3850885479023261
-3.985201625892344,-1.4224872643962654,0.35355640218982204,-0.2373950757901626,-0.35738446242699784,0.7595884136931391,246.01425660450857,389.04432997282396,95.48232257835664,1.5912388041559402,1.7795130420052183,-0.45790546988962544,-0.414578098794425,-0.4790701375804085,-0.5824823725107177,-0.5427628252422065,0.20432411463766625,0.5435884056211198,0.9245253507618918,0.5075558739677595,-0.4704975161731174,-1.4089935488515264,0.3715160659844664,-0.2373950757901626,2.8015728002916944,0.7997707764276546,0.4015992745575766,0.4943395655147189
0.13513165664471102,1.637891192625054,0.014546484197457648,-0.11028598922205941,0.10676882715309352,-0.15959165024121824,272.5543736228342,386.9800769089146,53.0590374991607,1.5912388041559402,-0.5619514869490163,-0.45790546988962544,-0.414578098794425,-0.4790701375804085,1.7167901505579042,-1.3908297396831544,0.4622408343995738,0.31133043199703925,0.21578006832268684,0.5075558739677595,-0.6690126185218844,0.0019656905079585615,0.9699798072826319,-0.11028598922205941,0.08250343928257628,0.8024694807064666,0.6059644459651495,0.4456195536853832
-0.933801300015374,0.4948327331590498,-1.4745197816938755,1.6298030562249644,0.8627030263198102,0.5299367714690324,243.14236540173428,387.72619455196445,50.98968098441577,1.3715368330959052,-0.5619514869490163,-0.45790546988962544,2.412090756622109,-0.4790701375804085,-0.5824823725107177,0.3053040891987413,0.17641509079948292,0.39527933094247475,0.18120833101445236,0.4048152556309639,1.6279357673187766,1.3769084890441263,0.40201431640859997,1.6298030562249644,-1.8871049458810263,0.801776340045712,0.5320973108362216,0.3122139888287061
0.6841451025747048,0.4414895908776462,-0.8938785228760073,0.5554161138995266,0.8271079159311303,0.32099638762265553,314.6806267204398,390.49219675455913,92.89802579106608,1.48120618974476,-0.5619514869490163,-0.45790546988962544,-0.414578098794425,-0.4790701375804085,1.7167901505579042,-0.5427628252422065,0.8716235438764066,0.7064941126212948,0.8813507556546122,0.4561006285401718,2.5766891630155677,-0.6115426137223317,0.36567701703496963,0.5554161138995266,1.5496290629753007,0.8028236115016613,0.25825757474473154,0.6376092714707923
-0.5423378676135553,-1.4772671468480219,1.2893506657487837,1.025444784528794,1.0014567643168453,-0.11907493706810887,275.14407378126214,390.1130213604954,100.0,1.9253203847766167,1.7795130420052183,-0.45790546988962544,-0.414578098794425,-0.4790701375804085,-0.5824823725107177,1.1533710036396891,0.4874075271299575,0.6638314613150773,0.9999999999832936,0.6637845504893878,-8.410306966228633,-0.6992636906683132,0.3715160659844664,1.025444784528794,0.3671224051369717,0.8020307424950056,0.2957966951927914,0.6029283420308861
-0.939289064049162,1.2879616713016242,0.5396776662643182,1.3205214253177178,0.2847852965124689,1.535906426424831,275.14407378126214,385.5394578101828,60.95438638416937,1.1692406509353843,1.7795130420052183,-0.45790546988962544,-0.414578098794425,-0.4790701375804085,-0.5824823725107177,0.3053040891987413,0.4874075271299575,0.1492401929243485,0.3476838392120766,0.3102142161315704,0.1854183897061702,-0.5069133300336475,0.8276613213237484,1.3205214253177178,-0.729283397362769,0.8017727690567523,0.7485886107019009,0.48233321384379574
0.9137994604067861,-1.6879051163389458,0.5817480317198928,0.9346597729087692,-1.280658188886835,-0.5701000590322768,292.6555414107558,388.8467594338331,100.0,1.8383062181383885,1.7795130420052183,-0.45790546988962544,-0.414578098794425,-0.4790701375804085,-0.5824823725107177,0.3053040891987413,0.6575838788806769,0.5213588961505441,0.9999999999832936,0.6230935669659415,2.246374422951434,0.5316010374783479,0.3715160659844664,0.9346597729087692,-0.5413808229518206,0.8029713710313034,0.42115915206091437,0.6771836650684434
-0.8876385901220964,-0.961696653581027,0.6583683878709425,-1.0872500310175692,1.4085739840055314,-1.1439034694848,244.8107008592417,389.91945384670566,82.1635274225906,1.2581169146649156,1.7795130420052183,-0.45790546988962544,-0.414578098794425,-0.4790701375804085,-0.5824823725107177,-1.3908297396831544,0.19262796613705907,0.6420523493940263,0.7020146890627477,0.3517759838616424,-1.231374869307207,-0.584393187590721,-3.2622180127488845,-1.0872500310175692,0.9229922842507858,0.801806373900579,0.314960265215383,0.3823873251829789
-0.6034190604265599,-1.2970040334962725,0.9957208946824524,0.17807086896198512,1.2793846702335157,0.5928476630536379,275.14407378126214,390.322548119597,95.81185786608683,2.0031237318727726,-0.5619514869490163,-0.45790546988962544,-0.414578098794425,2.0873770280289228,-0.5824823725107177,1.1533710036396891,0.4874075271299575,0.6874062164358464,0.9300307372528249,0.7001682203798464,2.1580327423163523,-0.600836966716379,0.3715160659844664,0.17807086896198512,0.46524069725920003,0.8019910901408314,0.2750531280464361,0.5875268685397718
-0.9160593307077031,0.8756575152692262,-1.5691637877759663,-1.3667855634292991,1.052382281874863,1.1750957976409164,237.85515871499763,388.8467594338331,51.9587179115107,0.5058742449485059,-0.5619514869490163,-0.45790546988962544,-0.414578098794425,2.0873770280289228,-0.5824823725107177,1.1533710036396891,0.12503404359442533,0.5213588961505441,0.19739756174719256,0.0,0.8955714785909534,1.437447129200816,0.6289592727605875,-1.3667855634292991,-1.046138831321417,0.8017878841950371,0.42115915206091437,0.19214939153035432
-1.0069691762082962,-1.1078232543431488,-0.4464725148027276,0.48266571505626227,-1.2966471382052385,-1.61889431174295,264.46452286349796,388.7642200677102,79.05650739512221,1.7686527976619744,-0.5619514869490163,-0.45790546988962544,2.412090756622109,-0.4790701375804085,-0.5824823725107177,-1.3908297396831544,0.3836237066088158,0.5120720377439433,0.6501072098847093,0.5905210986603927,0.8009461331729405,0.44958406043054894,0.3715160659844664,0.48266571505626227,0.9089619424122948,0.8017287178309274,0.4293307139689446,0.5030508126781368
-1.231939571066726,1.3346028873817937,0.18281361045864652,1.4977222835984108,-0.9449667635636523,-0.19935312842112748,231.0948436953356,385.1634109297267,54.086471866918146,0.975055102045313,-0.5619514869490163,-0.45790546988962544,-0.414578098794425,2.0873770280289228,-0.5824823725107177,-1.3908297396831544,0.05933733723761271,0.106929544114176,0.2329449168205014,0.21940600322034293,4.740165232358951,-0.22521532085358453,0.8478418070136075,1.4977222835984108,-0.9230757566847866,0.8015821502825954,0.7858180020615784,0.3163731315358723
-1.1502723854852552,0.46255304976613715,-0.5489227715274537,0.01213662333325864,0.8690411001991533,1.3362678771657817,252.06312132080282,386.27630087734514,78.6404185531202,1.5912388041559402,1.7795130420052183,-0.45790546988962544,-0.414578098794425,-0.4790701375804085,-0.5824823725107177,1.1533710036396891,0.2631069506301723,0.23214556952288018,0.6431558150718372,0.5075558739677595,0.6503494654021289,0.6314107058520619,0.38018357281037995,0.01213662333325864,-2.486790182401852,0.8016353811456806,0.6756396770881459,0.5101421330225994
-0.8659152577610861,-1.6633476068064716,1.2925913270420157,-0.25556565239320267,-1.554759585342935,0.8408625063602737,275.14407378126214,388.8467594338331,86.87421878863552,1.5912388041559402,-0.5619514869490163,-0.45790546988962544,-0.414578098794425,-0.4790701375804085,1.7167901505579042,-0.5427628252422065,0.4874075271299575,0.5213588961505441,0.7807139287958038,0.5075558739677595,-1.8490057194056662,-1.1192745521353313,0.3715160659844664,-0.25556565239320267,0.5205858683646877,0.8018205041522798,0.42115915206091437,0.5482017031467187
-1.1550737717643427,-1.7687086376603467,-0.024456467958182924,-1.5884782249601153,1.6617375015502032,1.6806648445926244,249.29140069216595,389.84927278834186,84.09032352818052,2.020310099634757,-0.5619514869490163,-0.45790546988962544,-0.414578098794425,-0.4790701375804085,1.7167901505579042,-0.5427628252422065,0.23617138391278283,0.6341559772450128,0.734204738643061,0.7082051899268668,0.98873818055274,0.028249024688492143,0.3715160659844664,-1.5884782249601153,0.6530605142208942,0.8016322523774813,0.3219083300010641,0.4765207203202395
0.12728660404321823,-1.6102256369404835,1.016553722132279,1.5125745170129792,-0.3638034802167939,0.08422684752748194,287.66072470841294,390.6976365013547,78.6404185531202,1.9371429045449065,1.7795130420052183,-0.45790546988962544,-0.414578098794425,-0.4790701375804085,-0.5824823725107177,0.3053040891987413,0.6090442760299909,0.7296090204428262,0.6431558150718372,0.6693131899705564,-4.319329128147189,0.12939367111771108,0.3715160659844664,1.5125745170129792,-0.0790489240775713,0.8024644112259803,0.2379186299700592,0.5368445320635826
0.3408791507588528,0.2899599901196418,1.3200186419370938,-1.3630649422434724,0.7873310256165762,0.530090791881474,286.8807011762874,388.4590858999965,78.6404185531202,1.7139391669510882,-0.5619514869490163,2.183856856396675,-0.414578098794425,-0.4790701375804085,-0.5824823725107177,1.1533710036396891,0.6014640113836819,0.47774008265776174,0.6431558150718372,0.5649350184647285,1.485275798390673,0.44996683364937073,0.2546112024814626,-1.3630649422434724,1.1756075362073002,0.8026023425154782,0.4595396052998433,0.5691000622009703
-0.34370866990797316,0.960383682979507,0.05640270995262578,-1.5709031475822723,1.3533930517269683,-0.7096111745171415,279.5273137314593,384.4827271773746,65.47722003166345,1.5912388041559402,1.7795130420052183,-0.45790546988962544,-0.414578098794425,-0.4790701375804085,-0.5824823725107177,1.1533710036396891,0.5300038302699773,0.030342893105057018,0.4232446310021189,0.5075558739677595,-1.9072318788597478,-0.01938610041702221,0.6731402107067959,-1.5709031475822723,-0.3578868275684985,0.8021595782858565,0.8532070514741226,0.5796252444936054
-0.5240801706420078,-0.9694968137904418,1.529406005093265,-0.8828901087430144,-0.3049790587008206,1.5271491512521072,242.02569923599643,388.1407788307122,89.24263318293791,1.638852545183898,-0.5619514869490163,-0.45790546988962544,-0.414578098794425,2.0873770280289228,-0.5824823725107177,1.1533710036396891,0.16556333478283278,0.44192598786737214,0.8202818812938083,0.5298217879736185,-0.19970482794759367,-0.8015313601301898,-3.489924134937799,-0.8828901087430144,0.5405692558530242,0.8020425918579017,0.4910526401655113,0.4834669883944034
-0.07926383153655817,1.1246911641230826,0.3560265694916666,-1.4888355109430929,-0.5589703699127756,-0.48819017317786656,249.9126947375356,388.6543273452725,70.72952100622905,1.7056638041233931,-0.5619514869490163,-0.45790546988962544,-0.414578098794425,-0.4790701375804085,1.7167901505579042,0.3053040891987413,0.24220911622868396,0.49970753579616783,0.5109922802170477,0.5610651583547963,1.144984888612467,-0.02822003002672618,0.7536264572839798,-1.4888355109430929,-0.07047608623108885,0.8023308448826058,0.44021031272070266,0.42267641477400203
1.0602976264763753,-1.5911163021382393,1.3136820101071822,-0.18123776467737943,0.4153423709999332,0.8023453075124618,304.3218513305852,390.8049335989111,100.0,1.895802556662897,1.7795130420052183,-0.45790546988962544,-0.414578098794425,-0.4790701375804085,-0.5824823725107177,-0.5427628252422065,0.7709570182745451,0.7416814774927378,0.9999999999832936,0.6499809423663906,0.5176603721531977,1.392893917261359,0.3715160659844664,-0.18123776467737943,-0.6663859993878942,0.8030655127790173,0.22729600325968835,0.6681072947663871
0.7472600102823951,0.9586079784945346,-0.5411555931213857,0.023399703161747915,0.3219788284010339,-0.36056805270705844,296.805102183395,388.9446585828008,86.49340666984209,1.5912388041559402,-0.5619514869490163,-0.45790546988962544,-0.414578098794425,-0.4790701375804085,1.7167901505579042,-0.5427628252422065,0.6979092889831566,0.5323739496613289,0.7743518851165679,0.5075558739677595,-0.8929765875725004,-0.4043839340802623,0.6722340058664299,0.023399703161747915,0.7795261736465188,0.8028642415906622,0.41146694100925585,0.6073386680199548
1.426743219965677,1.3934226534682104,0.03466025135602312,-0.6596805994794611,-0.2561636468663435,0.1896580574269739,241.05903895084123,384.69234348811716,78.6404185531202,1.3933977004548361,1.7795130420052183,-0.45790546988962544,-0.414578098794425,-0.4790701375804085,-0.5824823725107177,1.1533710036396891,0.1561693351369688,0.05392772406537454,0.6431558150718372,0.4150381909055022,-1.3506604938960556,0.049451278624512145,0.8727244140862518,-0.6596805994794611,1.0239127485049992,0.8033006040556558,0.8324546185366632,0.49876104712431624
-0.8495640311162678,0.8596832830120626,0.15327646990978816,-1.5377375933118063,0.39190582575526656,0.7374044511672997,251.6067492504257,388.45832564395346,52.92423023282976,1.501935279855944,1.7795130420052183,-0.45790546988962544,-0.414578098794425,-0.4790701375804085,-0.5824823725107177,1.1533710036396891,0.25867192921329835,0.4776545429867374,0.21352790859785126,0.4657943036824865,0.5314665847262234,-0.13021817565183094,0.6204061952756698,-1.5377375933118063,-0.9882290919411981,0.8018311387181725,0.45961487216477925,0.3390461346911444
1.8876192184900933,0.6060327197770092,-1.3985902316302603,-1.3342079716840947,1.5142382735868123,0.006277546381015883,248.30136652911665,387.2948245989795,63.172880148860806,1.9627039148274548,-0.5619514869490163,-0.45790546988962544,-0.414578098794425,2.0873770280289228,-0.5824823725107177,-1.3908297396831544,0.22655023704257166,0.34674404575178447,0.38474714034282553,0.6812664464164196,241.21494935523148,-2.6400058000177906,0.473766988777189,-1.3342079716840947,3.1147150207829224,0.8035954845318916,0.5748037967429878,0.4441060946675087
-0.6876738351000196,1.0855105934617004,-0.33022162992571646,-0.41824236215931676,-0.05935471492412699,1.3868893535120073,261.156881756709,387.2291034952829,53.36012379203295,1.058780824566682,1.7795130420052183,-0.45790546988962544,-0.414578098794425,-0.4790701375804085,-0.5824823725107177,1.1533710036396891,0.35148006745968935,0.33934948224802336,0.2208101712315481,0.2585591908819588,-0.04279700808938116,0.22708477468399682,0.7350137142208161,-0.41824236215931676,-0.6335026471492281,0.8019363681317571,0.5813103171192322,0.3576859805019937
0.07980594577016191,-1.649673590446741,1.5577386974045973,-1.5056239945418088,-0.9707206415158692,-0.3045297579772632,297.53218346171894,393.1008065586096,78.6404185531202,1.5912388041559402,-0.5619514869490163,-0.45790546988962544,-0.414578098794425,-0.4790701375804085,1.7167901505579042,1.1533710036396891,0.7049750610811518,0.9999999998874857,0.6431558150718372,0.5075558739677595,3.1876052151722734,0.12431681000915394,0.3715160659844664,-1.5056239945418088,-0.04837680998271108,0.8024337236502208,9.900202879720155e-11,0.4737926469106072
-0.28973991347831624,-1.0955572532700788,0.5150895911080372,0.634600323826618,-0.36359724385119535,0.4852764757282815,274.99157572174687,391.28992503517037,95.75454303505535,1.55639645436765,-0.5619514869490163,-0.45790546988962544,2.412090756622109,-0.4790701375804085,-0.5824823725107177,0.3053040891987413,0.4859255517772085,0.7962499459523601,0.9290732061226561,0.49126232619354465,-0.7492579205622254,-0.149242013561224,0.3715160659844664,0.634600323826618,0.26446807127418753,0.8021945549161519,0.17928088353661153,0.5211186531866884
1.44052410534831,-1.3590497902878254,-1.1346508291409667,-1.0139429918533633,-0.30673823807446954,-0.5713178947003119,256.4200446413508,388.84142215901016,72.62854984118111,1.92773032602397,-0.5619514869490163,-0.45790546988962544,-0.414578098794425,-0.4790701375804085,1.7167901505579042,-0.5427628252422065,0.30544750889952627,0.5207583764484205,0.5427184354517427,0.6649115265138349,0.5368959058638741,-1.6344918705310092,0.3715160659844664,-1.0139429918533633,-1.0599494710956685,0.8033094342098985,0.42168755291597715,0.46571805506455477
-0.39144008103756245,-0.05764808878581078,-0.5474701784701526,-0.6949170009864271,-1.1915273938783104,-0.3431732222500104,268.07765102983615,387.9233496640403,81.10222463871132,1.752690850062949,-0.5619514869490163,-0.45790546988962544,-0.414578098794425,2.0873770280289228,-0.5824823725107177,-1.3908297396831544,0.4187360674208591,0.41746209894750064,0.6842840173358921,0.5830567124363143,3.4720873311098264,0.21430177102600528,-0.05937649538531327,-0.6949170009864271,6.790165920020501,0.8021286337563098,0.512578561426227,0.5414478074040504
-0.033415336147597924,0.7673929472166735,-1.083351183138811,-0.3859494296360962,-1.0846697116278452,-0.23258118587588011,267.33927171165215,387.6519950666891,58.98618951222142,1.5261850135359545,-0.5619514869490163,-0.45790546988962544,2.412090756622109,-0.4790701375804085,-0.5824823725107177,-1.3908297396831544,0.41156050103000424,0.38693082833138154,0.3148021270744944,0.4771343595807838,4.663617618969019,0.036200543950481286,0.5695055496087272,-0.3859494296360962,-0.04354397082387979,0.8023605084483596,0.5394432079027055,0.43245635596945803
-3.9014701823273756,0.372535926950815,-1.690295663304281,-0.3104853908875232,0.6704221647994945,-1.3222342063128374,275.14407378126214,388.8467594338331,50.21885714854889,1.0351028360261139,1.7795130420052183,-0.45790546988962544,-0.414578098794425,-0.4790701375804085,-0.5824823725107177,1.1533710036396891,0.4874075271299575,0.5213588961505441,0.168330550421967,0.2474865037690844,-0.5070373781783041,6.594638129698925,0.31666007034370247,-0.3104853908875232,-10.472735351427572,0.7998263486263076,0.42115915206091437,0.34309198451352446
0.7051163603266158,1.130595549829668,1.5945774883688233,-1.7032056581038804,-0.49052402977632215,-1.4404198236106356,295.67803230574685,388.2440496366751,80.573361106467,1.7999149421839038,-0.5619514869490163,2.183856856396675,-0.414578098794425,-0.4790701375804085,-0.5824823725107177,0.3053040891987413,0.686956429748032,0.4535454295660768,0.6754485503787113,0.605140412466365,0.3405424044271274,1.1243626748573814,0.7564015414992972,-1.7032056581038804,0.6236680834354764,0.8028371135541341,0.48082862435514573,0.6161843051011469
-1.158460096889262,-1.2552094201968043,-0.14951805679345817,-1.33263047065981,1.5798982050776345,0.5560773057074679,246.549611393308,388.6444287563794,77.1803875768961,1.3405231469814052,-0.5619514869490163,-0.45790546988962544,2.412090756622109,-0.4790701375804085,-0.5824823725107177,1.1533710036396891,0.2095266897032033,0.4985938030672453,0.6187637844998956,0.39031212999702797,2.8411484986362905,0.17321070255964374,0.3715160659844664,-1.33263047065981,0.9229217684094092,0.8016300456585406,0.44119029276830646,0.4059089522274171
0.9230312889583633,0.731166144549393,-0.6614518121454953,1.1869736365687074,-0.8130906784719368,0.5145631793798028,317.9259045430198,390.48759308444653,87.07095744743567,2.0517672414605714,-0.5619514869490163,-0.45790546988962544,2.412090756622109,-0.4790701375804085,-0.5824823725107177,0.3053040891987413,0.9031611369525013,0.7059761339343399,0.7840007463074069,0.7229156915518581,-1.580157130309613,-0.6105407187485017,0.5487952534190716,1.1869736365687074,1.262409774545571,0.8029773061772593,0.2587133472699683,0.6762100027904658
-1.0460219923433016,-1.1255225811732208,0.3973432626517051,-1.7046409915849137,-1.2998027005660446,0.5401952110421013,224.98891975486418,388.89961181761544,78.6404185531202,2.559995868820617,1.7795130420052183,-0.45790546988962544,-0.414578098794425,-0.4790701375804085,-0.5824823725107177,1.1533710036396891,0.0,0.5273055447340484,0.6431558150718372,0.9605818498457394,-2.406172197736439,-0.4156297912431244,0.3715160659844664,-1.7046409915849137,0.9293656215962511,0.8017032904993737,0.4159266606286268,0.4568869888942639
0.7292401744065079,-0.8590857342435667,-1.7540131458279438,-0.003184206858232093,0.9023611910132189,-1.6899349906137213,289.9742881657078,392.8792785963997,100.0,2.1258732446439454,-0.5619514869490163,2.183856856396675,-0.414578098794425,-0.4790701375804085,-0.5824823725107177,-1.3908297396831544,0.6315274737285723,0.9750749378863648,0.9999999999832936,0.7575703491900816,-0.5339620734283258,-1.2790968523748774,-1.9596036178184766,-0.003184206858232093,-0.8488561108484324,0.8028526430595521,0.02193171029487251,0.5964552395261296
0.8701195026834789,0.6464313221816762,-0.7688552467033357,-0.06583194175228,1.3314076255114868,-0.6261592154829304,290.0371499415463,389.1495925262509,96.12416170800003,1.8867024331970688,-0.5619514869490163,2.183856856396675,-0.414578098794425,-0.4790701375804085,-0.5824823725107177,-1.3908297396831544,0.632138364140679,0.5554319473771567,0.9352482463219699,0.6457253942376717,-2.1263084447474534,-0.66899594489709,0.4986101105654161,-0.06583194175228,1.3460354897420965,0.8029432843430654,0.3911780717748349,0.6503931676139393
1.0535389755869886,1.5730968100489378,0.7778439217800316,-0.590793841985425,-0.6969685409022086,-1.0725609356558266,299.93604224741625,390.0094570154686,78.6404185531202,1.3969697935801209,-0.5619514869490163,-0.45790546988962544,-0.414578098794425,2.0873770280289228,-0.5824823725107177,0.3053040891987413,0.728335748313608,0.6521789922761947,0.6431558150718372,0.41670863134205194,0.6498171976829069,0.8194888885187002,0.9451101579508807,-0.590793841985425,0.6697229110041174,0.8030611715471305,0.3060497719560763,0.5391438475194712
0.6301612244955673,0.30922155852958894,0.5257798451311684,-0.2610884603049298,-0.9527356848709618,0.9398013745311052,293.3096195992197,389.53832419248477,87.95010549695245,1.1931369576287767,-0.5619514869490163,-0.45790546988962544,2.412090756622109,-0.4790701375804085,-0.5824823725107177,1.1533710036396891,0.6639402073294146,0.5991698158882992,0.7986882470866947,0.32138899673913246,-1.013762811671293,0.3313260710229468,0.2694327304582777,-0.2610884603049298,2.0378954994412934,0.8027888462624321,0.3526928613176521,0.5513051386477376
0.5763918927410754,-1.6004810892002612,1.7923513146615133,0.9111360182180849,-1.0076466853461117,1.2258011985886006,275.14407378126214,392.2040804783684,100.0,1.967408172114712,-0.5619514869490163,2.183856856396675,-0.414578098794425,-0.4790701375804085,-0.5824823725107177,1.1533710036396891,0.4874075271299575,0.8991054991433508,0.9999999999832936,0.6834663279203326,-0.8220310811282406,1.0330967667147044,0.3715160659844664,0.9111360182180849,-0.36013664703106696,0.8027542070558664,0.08877767096609512,0.5551099414604009
0.24971195826289136,0.32555857990810966,0.4769707324293328,1.1146075177111205,0.12356584947947416,-0.9031000237160145,273.9660016515992,388.0394312072315,76.68780248764097,1.324939879420217,-0.5619514869490163,-0.45790546988962544,-0.414578098794425,2.0873770280289228,-0.5824823725107177,-0.5427628252422065,0.47595902827383746,0.43052293168555567,0.6105344039236923,0.3830248283072916,-0.13682410183963667,0.11910529562901427,0.28183394034459747,1.1146075177111205,0.7670261910048491,0.8025434930983748,0.5010862570734885,0.49729783939290473
